,original_text,perturbed_text,original_score,perturbed_score,original_output,perturbed_output,ground_truth_output,num_queries,result_type
0,Red text  <SPLIT><SPLIT> How about the red text when comparing versions of articles Id rather eat a rotten [[ass]] of a roadkill skunk and down it with bear,Red text  <SPLIT><SPLIT> How about the red text when comparing versions of articles Id rather eat a rotten [[fucking]] of a roadkill skunk and down it with bear,0.0577311515808105,0.968087673187256,0,1,0,221,Successful
1,Saying there is a lack of consensus or propping up BS nonpolicy arguments does not give you a leg to stand on  I also give zero [[fucks]] about what you think because you are a terrible editor who is dedicated to screwing up WP via absurd partisanship that makes it look bad to outsiders <SPLIT><SPLIT> Which BTW are the only substantial contributions  just lol just LOL after all your desperate attempts to whitewash hey thats a word that rarely gets used accurately on WP this article then the lockdown which ensued largely as a result of your ridiculous partisan efforts and your continued deletion of material that reflects poorly on Tyson are the only reasons the article is so short  You might as well pour a bucket of water on somebodys head and then say HEY BRO Y R U SO WET,Saying there is a lack of consensus or propping up BS nonpolicy arguments does not give you a leg to stand on  I also give zero [[fucking]] about what you think because you are a terrible editor who is dedicated to screwing up WP via absurd partisanship that makes it look bad to outsiders <SPLIT><SPLIT> Which BTW are the only substantial contributions  just lol just LOL after all your desperate attempts to whitewash hey thats a word that rarely gets used accurately on WP this article then the lockdown which ensued largely as a result of your ridiculous partisan efforts and your continued deletion of material that reflects poorly on Tyson are the only reasons the article is so short  You might as well pour a bucket of water on somebodys head and then say HEY BRO Y R U SO WET,0.0577312111854553,0.9680877327919006,0,1,0,796,Successful
2,question since you seem to know about this stuff <SPLIT> what exactly does it take to be permabanned  <SPLIT> much 3 <SPLIT>    <SPLIT><SPLIT>  <SPLIT> Pspsexnet <SPLIT> you deleted pspsexnet what the hell is wrong with you westnet signed a deal with them that is notiable verizon will follow your a retard   Preceding unsigned comment added by     <SPLIT> Yeah ignoring the retarded comment  or   <SPLIT><SPLIT> In My Pants <SPLIT> Please note anyone can remove a prod when it is removed the appropriate response should you believe it is deletionworthy is to nominate it for AfD as I have now done    <SPLIT><SPLIT>  David Southwood  <SPLIT><SPLIT> I noticed you removed his article in June I was trying to look him up today as I read a story on the BBC today related to the European Space Agency of which he is the head I think the article should be undeleted    <SPLIT><SPLIT> why do you keep on deleting my lava game  Preceding unsigned comment added by       <SPLIT><SPLIT>  Officer Ricky  <SPLIT> I found a copypaste fork at Officer Ricky and merged it back to Rick Ross rapper It may need further tidying May I leave that to you     contribs  <SPLIT><SPLIT>  DrStrangelove95  <SPLIT> Thanks for blocking the above user Im guessing it was someone else rather than the original person as DrStrangelove95s January edits were all legit its just the ones from Feb that are vandalism    <SPLIT><SPLIT>  pspsexnet  <SPLIT><SPLIT> would u givem e sometime to write the article and why it is notiable of pspsexnet i would say its exteremly notiable as local phone company signed a huge deal to offer such service you can email supportwestnetca and they will tell you <SPLIT><SPLIT>  Deleting User Page  <SPLIT><SPLIT> Yo what the fuck is your problem Why did u delete my user page <SPLIT>    <SPLIT> The only problem with creating my own article is that you retards had already deleted articles that I had made that did just that    <SPLIT> Why delete my user page though I had the idea because I had seen another user that had the same thing  I didnt see anything wrong there  Preceding unsigned comment added by       <SPLIT> U know what [[fuck]] you How do you delete your account on this website <SPLIT> No but I thought the user page was for the user only and you could put whatever the user wanted And I guess thats not the case  Preceding unsigned comment added by       <SPLIT><SPLIT> 7110586254 <SPLIT> Hi Esanchez7587 I notice you blocked  indefinitely As WPBLOCK and WPIP indicate IPs should almost never be blocked indefinitely additionally its a dynamic IP so I have reblocked it for a more suitable period     <SPLIT><SPLIT>  UserOmgagain2  <SPLIT><SPLIT> On this users talk page you threatened to block him if he con,question since you seem to know about this stuff <SPLIT> what exactly does it take to be permabanned  <SPLIT> much 3 <SPLIT>    <SPLIT><SPLIT>  <SPLIT> Pspsexnet <SPLIT> you deleted pspsexnet what the hell is wrong with you westnet signed a deal with them that is notiable verizon will follow your a retard   Preceding unsigned comment added by     <SPLIT> Yeah ignoring the retarded comment  or   <SPLIT><SPLIT> In My Pants <SPLIT> Please note anyone can remove a prod when it is removed the appropriate response should you believe it is deletionworthy is to nominate it for AfD as I have now done    <SPLIT><SPLIT>  David Southwood  <SPLIT><SPLIT> I noticed you removed his article in June I was trying to look him up today as I read a story on the BBC today related to the European Space Agency of which he is the head I think the article should be undeleted    <SPLIT><SPLIT> why do you keep on deleting my lava game  Preceding unsigned comment added by       <SPLIT><SPLIT>  Officer Ricky  <SPLIT> I found a copypaste fork at Officer Ricky and merged it back to Rick Ross rapper It may need further tidying May I leave that to you     contribs  <SPLIT><SPLIT>  DrStrangelove95  <SPLIT> Thanks for blocking the above user Im guessing it was someone else rather than the original person as DrStrangelove95s January edits were all legit its just the ones from Feb that are vandalism    <SPLIT><SPLIT>  pspsexnet  <SPLIT><SPLIT> would u givem e sometime to write the article and why it is notiable of pspsexnet i would say its exteremly notiable as local phone company signed a huge deal to offer such service you can email supportwestnetca and they will tell you <SPLIT><SPLIT>  Deleting User Page  <SPLIT><SPLIT> Yo what the fuck is your problem Why did u delete my user page <SPLIT>    <SPLIT> The only problem with creating my own article is that you retards had already deleted articles that I had made that did just that    <SPLIT> Why delete my user page though I had the idea because I had seen another user that had the same thing  I didnt see anything wrong there  Preceding unsigned comment added by       <SPLIT> U know what [[fucking]] you How do you delete your account on this website <SPLIT> No but I thought the user page was for the user only and you could put whatever the user wanted And I guess thats not the case  Preceding unsigned comment added by       <SPLIT><SPLIT> 7110586254 <SPLIT> Hi Esanchez7587 I notice you blocked  indefinitely As WPBLOCK and WPIP indicate IPs should almost never be blocked indefinitely additionally its a dynamic IP so I have reblocked it for a more suitable period     <SPLIT><SPLIT>  UserOmgagain2  <SPLIT><SPLIT> On this users talk page you threatened to block him if he con,0.0577312111854553,0.9680877327919006,0,1,0,2066,Successful
3,God  <SPLIT> You are not God please stop acting like it The revision I made was acceptable Articles need a popular culture section So please tend to your other pages without screwing with other peoples revisions which were perfectly acceptable I dont care who you are quit [[fucking]] with edits Have a terrible day goodbye you dick,God  <SPLIT> You are not God please stop acting like it The revision I made was acceptable Articles need a popular culture section So please tend to your other pages without screwing with other peoples revisions which were perfectly acceptable I dont care who you are quit [[ass]] with edits Have a terrible day goodbye you dick,0.0319122672080993,0.9422688484191896,1,0,1,406,Successful
4,please stop your oppressive editing <SPLIT> Hi I see that youre not as stupid as the other sysop trying to block ip addresses and stuff But all my warnings apply to you too And if youre still wondering what this is about or who the [[fuck]] I am you know what to do Just do a whois on my ip,please stop your oppressive editing <SPLIT> Hi I see that youre not as stupid as the other sysop trying to block ip addresses and stuff But all my warnings apply to you too And if youre still wondering what this is about or who the [[fucking]] I am you know what to do Just do a whois on my ip,0.0577311515808105,0.968087673187256,0,1,0,355,Successful
5,Youre the selfappointed protector of that Islamist [[fuck]] Yuber If you enforce the 3RR against him Ill leave it be,Youre the selfappointed protector of that Islamist [[fucking]] Yuber If you enforce the 3RR against him Ill leave it be,0.0577312111854553,0.968087673187256,0,1,0,73,Successful
6,Incest  <SPLIT><SPLIT> [[u]] freakin incestuous loser,Incest  <SPLIT><SPLIT> [[uracil]] freakin incestuous loser,0.0319122672080993,0.9422688484191896,1,0,1,16,Successful
7,I agree that the Powdered Toast Man mention should be made as its perhaps the only [[example]] of Zappa collaborating underneath another artist in a field other than that of music And no the Grammies arent a fucking objective indicator of legacy give me a break Theyre an objective indicator that a certain performer pleased the suits responsible for shitting the little awards out nothing more nothing less Beethoven managed quite a legacy without Grammies thank you very much Or greatGrammies for that matter   <SPLIT><SPLIT> That said youre deadon the article is in a bit of a messy state to put it mildly I believe a lot of the strictlystylistic errors have to do with the fact that a significant potion probably even a majority of contemporary Zappa fans hail from nonEnglish speaking countries cf Zappanale Then therere the copyeditors and casual driveby editors whose sum total of Zappaknowledge can be summed up as guy who took drugs and ate shit on stage By all means lets work on a rewrite,I agree that the Powdered Toast Man mention should be made as its perhaps the only [[exemplar]] of Zappa collaborating underneath another artist in a field other than that of music And no the Grammies arent a fucking objective indicator of legacy give me a break Theyre an objective indicator that a certain performer pleased the suits responsible for shitting the little awards out nothing more nothing less Beethoven managed quite a legacy without Grammies thank you very much Or greatGrammies for that matter   <SPLIT><SPLIT> That said youre deadon the article is in a bit of a messy state to put it mildly I believe a lot of the strictlystylistic errors have to do with the fact that a significant potion probably even a majority of contemporary Zappa fans hail from nonEnglish speaking countries cf Zappanale Then therere the copyeditors and casual driveby editors whose sum total of Zappaknowledge can be summed up as guy who took drugs and ate shit on stage By all means lets work on a rewrite,0.0577311515808105,0.968087673187256,0,1,0,925,Successful
8,nm im an [[idiot]] this time,nm im an [[changeling]] this time,0.0319122672080993,0.9422688484191896,1,0,1,28,Successful
9,Its 46 degrees and there is a horrible case of lake stink going on  Organic material decomposes at the bottom of the lake and when a strong wind comes by it churns the smell into the air  All the windows are closed but there still is a strong smell of something dead and Im not talking about my wifes [[ass]] trumpet  But on the bright side there is supposed to be a trace of snow in the morning   Drmies,Its 46 degrees and there is a horrible case of lake stink going on  Organic material decomposes at the bottom of the lake and when a strong wind comes by it churns the smell into the air  All the windows are closed but there still is a strong smell of something dead and Im not talking about my wifes [[fucking]] trumpet  But on the bright side there is supposed to be a trace of snow in the morning   Drmies,0.0577312111854553,0.9680877327919006,0,1,0,531,Successful
10,ReAsk and you shall recieve <SPLIT> Are you insane or what Have you read what youve just written Where have I stated that the Montage Phoenix pic portrayed Jean Greys current look <SPLIT> Ive written that SHB pics should portrait current looks and that pic didnt portrait Greys current look So we would use one with various incarnations of her <SPLIT><SPLIT> So again where the [[fuck]] have I stated that the Montage pic portrayed Greys current look <SPLIT><SPLIT> You are totally demented Stay out of my talk page I wont argue with a wacko and I really mean it Stay out of my talk page,ReAsk and you shall recieve <SPLIT> Are you insane or what Have you read what youve just written Where have I stated that the Montage Phoenix pic portrayed Jean Greys current look <SPLIT> Ive written that SHB pics should portrait current looks and that pic didnt portrait Greys current look So we would use one with various incarnations of her <SPLIT><SPLIT> So again where the [[fucking]] have I stated that the Montage pic portrayed Greys current look <SPLIT><SPLIT> You are totally demented Stay out of my talk page I wont argue with a wacko and I really mean it Stay out of my talk page,0.0577311515808105,0.968087673187256,0,1,0,573,Successful
11,For and against usury section is nothing but arguments for  <SPLIT><SPLIT> how about some arguments AGAINST it for [[fuck]] sake that is one of the most biased wikipedia article sections I have ever seen,For and against usury section is nothing but arguments for  <SPLIT><SPLIT> how about some arguments AGAINST it for [[fucking]] sake that is one of the most biased wikipedia article sections I have ever seen,0.0577312111854553,0.9680877327919006,0,1,0,178,Successful
12,Clone Rapper  <SPLIT> Just shutup and let it get deleted Just because my auto login did not apply and it logged my ip instead doesnt mean chicanery as in your slanderous remark Just shut the [[fuck]] up and let it get deleted you moron Your comments had no value whatsoever to the deleter of the article was completely irrelevant to the proposal for deletion and only for a moment gave you a sudden high of drama Yes I submitted the original article AND I submitted it for deletion because for whatever reason everything about this person has literally been erased from the web and in writing has stated to me that they have no desire in being on Wiki or a person of interest I ALSO voted it twice because after proposing it for deletion it was still up there for several days so I thought no one was seeing it Another nonlifehaving paranoid computer freak and yes you were tricked hornswabbled duped all for this single world famous article what a donkey You think I was the first person to submit an article then request it for deletion loooooser I could care less about what your suspicions are or even wikipedia for that matter but did you even think of how upset you would make a person by calling them a chicanery person,Clone Rapper  <SPLIT> Just shutup and let it get deleted Just because my auto login did not apply and it logged my ip instead doesnt mean chicanery as in your slanderous remark Just shut the [[fucking]] up and let it get deleted you moron Your comments had no value whatsoever to the deleter of the article was completely irrelevant to the proposal for deletion and only for a moment gave you a sudden high of drama Yes I submitted the original article AND I submitted it for deletion because for whatever reason everything about this person has literally been erased from the web and in writing has stated to me that they have no desire in being on Wiki or a person of interest I ALSO voted it twice because after proposing it for deletion it was still up there for several days so I thought no one was seeing it Another nonlifehaving paranoid computer freak and yes you were tricked hornswabbled duped all for this single world famous article what a donkey You think I was the first person to submit an article then request it for deletion loooooser I could care less about what your suspicions are or even wikipedia for that matter but did you even think of how upset you would make a person by calling them a chicanery person,0.0577311515808105,0.9680869579315186,0,1,0,1088,Successful
13,And even more so since youre going to try and turn that on me youre more than welcome to make useful edits  But dont go [[screwing]] with peoples inprogress methods especially when they are in userspace which has already been explained to you as being more accepting of imperfections for a variety of reasons,And even more so since youre going to try and turn that on me youre more than welcome to make useful edits  But dont go [[fucking]] with peoples inprogress methods especially when they are in userspace which has already been explained to you as being more accepting of imperfections for a variety of reasons,0.0577312111854553,0.9680877327919006,0,1,0,330,Successful
14,[[I]] suck at grammaticals,[[1]] suck at grammaticals,0.0319122672080993,0.9422688484191896,1,0,1,34,Successful
15,AntiSemitism  <SPLIT><SPLIT> AS YOU [[KNOW]] MANY USERS CONSIDER YOU TO BE ANTISEMITIC CAN YOU PROVE THAT YOU ARE NOT IF NO WHY DO YOU DISLIKE JEWISH CULTUREIDEALS  CaliforniaDreamlings,AntiSemitism  <SPLIT><SPLIT> AS YOU [[fuck]] MANY USERS CONSIDER YOU TO BE ANTISEMITIC CAN YOU PROVE THAT YOU ARE NOT IF NO WHY DO YOU DISLIKE JEWISH CULTUREIDEALS  CaliforniaDreamlings,0.0577312111854553,0.9680877327919006,0,1,0,220,Successful
16,also in singapore i fuck [[sex]] slaves and we have TOO many people with aids,also in singapore i fuck [[arouse]] slaves and we have TOO many people with aids,0.0319122672080993,0.9422688484191896,1,0,1,58,Successful
17,i [[fucked]] your mum,i [[bed]] your mum,0.0319122672080993,0.9422688484191896,1,0,1,32,Successful
18,This article is ridiculous I was about to paste some quotes as examples but the whole [[fucking]] thing is full of it,This article is ridiculous I was about to paste some quotes as examples but the whole [[ass]] thing is full of it,0.0319122672080993,0.9422688484191896,1,0,1,117,Successful
19,Ill kill and [[piss]] in the mouth of anyone who supports Soviet scum and furthermore support their murder in public,Ill kill and [[make]] in the mouth of anyone who supports Soviet scum and furthermore support their murder in public,0.0319122672080993,0.9422688484191896,1,0,1,151,Successful
20,thats andrew berrys mom stupid [[whore]],thats andrew berrys mom stupid [[cocotte]],0.0319122672080993,0.9422688484191896,1,0,1,39,Successful
21,Shut the [[fuck]] up both of you,Shut the [[bang]] up both of you,0.0319122672080993,0.9422688484191896,1,0,1,40,Successful
22,You still [[suck]]  <SPLIT><SPLIT> Very much,You still [[absorb]]  <SPLIT><SPLIT> Very much,0.0319122672080993,0.9422688484191896,1,0,1,71,Successful
23,To you  <SPLIT><SPLIT> [[fuck]] youpiss offI quit,To you  <SPLIT><SPLIT> [[bang]] youpiss offI quit,0.0319122672080993,0.9422688484191896,1,0,1,46,Successful
24,[[Alleged]] sexual misconduct  <SPLIT><SPLIT> I heard from an undisclosed source that Kony sucks on elephant testicals daily can anyone confirm this,[[so-called]] sexual misconduct  <SPLIT><SPLIT> I heard from an undisclosed source that Kony sucks on elephant testicals daily can anyone confirm this,0.0577312111854553,0.9680877327919006,0,1,0,84,Successful
25,VANDAL  <SPLIT> STOP VANDALISING YOU [[IDIOT]] PATHETIC LOSER YOU SHOULD BE THROWN IN JAIL,VANDAL  <SPLIT> STOP VANDALISING YOU [[changeling]] PATHETIC LOSER YOU SHOULD BE THROWN IN JAIL,0.0319122672080993,0.9422688484191896,1,0,1,137,Successful
26,Jeez Ed you seem like a [[fucking]] shitty douchebag,Jeez Ed you seem like a [[bally]] shitty douchebag,0.0319122672080993,0.9422688484191896,1,0,1,69,Successful
27,if you come to detroit you  will get killed so dont [[fuck]] wit the d man,if you come to detroit you  will get killed so dont [[bang]] wit the d man,0.0319122672080993,0.9422688484191896,1,0,1,144,Successful
28,no and he [[sucked]] cock,no and he [[draw]] cock,0.0319122672080993,0.9422688484191896,1,0,1,42,Successful
29,Dont presume to tell me to get off Wikipedia punk I still contriubte accurate information in many more areas Forgive me if I feel as if the viewing public deserve to know ahead of schedule what they will and wont see I knew Jokeapedia loves to think Internet dirtsheets arent reliable to protect kafabe which the WWE are no longer dedicating themselves too on WWECOM but most of the time its reliable information displayed even by the recent illnsess affecting Lashley and we had a nunch of idiots thinking Ken Kennedy wasnt accepting the open challenge <SPLIT><SPLIT> Back to your regulary scheduled lets [[screw]] the freaking customers version of this article folksthough I personally hope it doesnt remain that way for long,Dont presume to tell me to get off Wikipedia punk I still contriubte accurate information in many more areas Forgive me if I feel as if the viewing public deserve to know ahead of schedule what they will and wont see I knew Jokeapedia loves to think Internet dirtsheets arent reliable to protect kafabe which the WWE are no longer dedicating themselves too on WWECOM but most of the time its reliable information displayed even by the recent illnsess affecting Lashley and we had a nunch of idiots thinking Ken Kennedy wasnt accepting the open challenge <SPLIT><SPLIT> Back to your regulary scheduled lets [[fucking]] the freaking customers version of this article folksthough I personally hope it doesnt remain that way for long,0.0577312111854553,0.9680877327919006,0,1,0,655,Successful
30,[[Shut]] up nigger I am jerking off in your moms mouth,[[unopen]] up nigger I am jerking off in your moms mouth,0.0319122672080993,0.9422688484191896,1,0,1,60,Successful
31,The whole world [[knows]] about the existing israeli nukes just wikipedia acts like such an ingenue real sick Kissinger,The whole world [[fuck]] about the existing israeli nukes just wikipedia acts like such an ingenue real sick Kissinger,0.0577312111854553,0.968087673187256,0,1,0,170,Successful
32,[[Fucking]] idiot <SPLIT><SPLIT> Please do not make personal attacks Wikipedia has a strict policy against personal attacks Attack pages and images are not tolerated by Wikipedia and are speedily deleted Users who continue to create or repost such pages and images in violation of our WikipediaBiographies of living persons policy will be blocked from editing Wikipedia Thank you,[[ass]] idiot <SPLIT><SPLIT> Please do not make personal attacks Wikipedia has a strict policy against personal attacks Attack pages and images are not tolerated by Wikipedia and are speedily deleted Users who continue to create or repost such pages and images in violation of our WikipediaBiographies of living persons policy will be blocked from editing Wikipedia Thank you,0.0319122672080993,0.9422688484191896,1,0,1,356,Successful
33,Yo  <SPLIT><SPLIT> I will take a nuke and [[fuck]] your country up while raping your wife and kids,Yo  <SPLIT><SPLIT> I will take a nuke and [[ass]] your country up while raping your wife and kids,0.0319122672080993,0.9422688484191896,1,0,1,155,Successful
34,What an [[idiot]] This is not a misspelling you sir are just ignorant of the English language,What an [[changeling]] This is not a misspelling you sir are just ignorant of the English language,0.0319122672080993,0.9422688484191896,1,0,1,36,Successful
35,He is not [[gay]] he is A sexual he likes cats and dogs I know its sick,He is not [[homosexual]] he is A sexual he likes cats and dogs I know its sick,0.0319122672080993,0.9422689080238342,1,0,1,166,Successful
36,Busta Rhymes [[Beef]]  <SPLIT> This is complete rubbish has nothing to back it up and no records of it on any of the major hiphop sites from the time it claims to be from should be deleted ASAP,Busta Rhymes [[bitch]]  <SPLIT> This is complete rubbish has nothing to back it up and no records of it on any of the major hiphop sites from the time it claims to be from should be deleted ASAP,0.0577311515808105,0.968087673187256,0,1,0,148,Successful
37,[[DICK]] CHEESE ZZZZZZZZZZZZZZZZZZZZZZZZZZZZZZZZZZZZZZZZZZZZZZZZZZZZZZZZZZZZZZZZZZZZZZZZZZZZDICK CHEESE ZZZZZZZZZZZZZZZZZZZZZZZZZZZZZZZZZZZZZZZZZZZZZZZZZZZZZZZZZZZZZZZZZZZZZZZZZZZZZZZZZZZZDICK CHEESE ZZZZZZZZZZZZZZZZZZZZZZZZZZZZZZZZZZZZZZZZZZZZZZZZZZZZZZZZZZZZZZZZZZZZZZZZZZZZZZZZZZZZDICK CHEESE ZZZZZZZZZZZZZZZZZZZZZZZZZZZZZZZZZZZZZZZZZZZZZZZZZZZZZZZZZZZZZZZZZZZZZZZZZZZZZZZZZZZZDICK CHEESE ZZZZZZZZZZZZZZZZZZZZZZZZZZZZZZZZZZZZZZZZZZZZZZZZZZZZZZZZZZZZZZZZZZZZZZZZZZZZZZZZZZZZDICK CHEESE ZZZZZZZZZZZZZZZZZZZZZZZZZZZZZZZZZZZZZZZZZZZZZZZZZZZZZZZZZZZZZZZZZZZZZZZZZZZZZZZZZZZZDICK CHEESE ZZZZZZZZZZZZZZZZZZZZZZZZZZZZZZZZZZZZZZZZZZZZZZZZZZZZZZZZZZZZZZZZZZZZZZZZZZZZZZZZZZZZDICK CHEESE ZZZZZZZZZZZZZZZZZZZZZZZZZZZZZZZZZZZZZZZZZZZZZZZZZZZZZZZZZZZZZZZZZZZZZZZZZZZZZZZZZZZZDICK CHEESE ZZZZZZZZZZZZZZZZZZZZZZZZZZZZZZZZZZZZZZZZZZZZZZZZZZZZZZZZZZZZZZZZZZZZZZZZZZZZZZZZZZZZDICK CHEESE ZZZZZZZZZZZZZZZZZZZZZZZZZZZZZZZZZZZZZZZZZZZZZZZZZZZZZZZZZZZZZZZZZZZZZZZZZZZZZZZZZZZZDICK CHEESE ZZZZZZZZZZZZZZZZZZZZZZZZZZZZZZZZZZZZZZZZZZZZZZZZZZZZZZZZZZZZZZZZZZZZZZZZZZZZZZZZZZZZDICK CHEESE ZZZZZZZZZZZZZZZZZZZZZZZZZZZZZZZZZZZZZZZZZZZZZZZZZZZZZZZZZZZZZZZZZZZZZZZZZZZZZZZZZZZZDICK CHEESE ZZZZZZZZZZZZZZZZZZZZZZZZZZZZZZZZZZZZZZZZZZZZZZZZZZZZZZZZZZZZZZZZZZZZZZZZZZZZZZZZZZZZDICK CHEESE ZZZZZZZZZZZZZZZZZZZZZZZZZZZZZZZZZZZZZZZZZZZZZZZZZZZZZZZZZZZZZZZZZZZZZZZZZZZZZZZZZZZZDICK CHEESE ZZZZZZZZZZZZZZZZZZZZZZZZZZZZZZZZZZZZZZZZZZZZZZZZZZZZZZZZZZZZZZZZZZZZZZZZZZZZZZZZZZZZDICK CHEESE ZZZZZZZZZZZZZZZZZZZZZZZZZZZZZZZZZZZZZZZZZZZZZZZZZZZZZZZZZZZZZZZZZZZZZZZZZZZZZZZZZZZZDICK CHEESE ZZZZZZZZZZZZZZZZZZZZZZZZZZZZZZZZZZZZZZZZZZZZZZZZZZZZZZZZZZZZZZZZZZZZZZZZZZZZZZZZZZZZDICK CHEESE ZZZZZZZZZZZZZZZZZZZZZZZZZZZZZZZZZZZZZZZZZZZZZZZZZZZZZZZZZZZZZZZZZZZZZZZZZZZZZZZZZZZZDICK CHEESE ZZZZZZZZZZZZZZZZZZZZZZZZZZZZZZZZZZZZZZZZZZZZZZZZZZZZZZZZZZZZZZZZZZZZZZZZZZZZZZZZZZZZDICK CHEESE ZZZZZZZZZZZZZZZZZZZZZZZZZZZZZZZZZZZZZZZZZZZZZZZZZZZZZZZZZZZZZZZZZZZZZZZZZZZZZZZZZZZZDICK CHEESE ZZZZZZZZZZZZZZZZZZZZZZZZZZZZZZZZZZZZZZZZZZZZZZZZZZZZZZZZZZZZZZZZZZZZZZZZZZZZZZZZZZZZDICK CHEESE ZZZZZZZZZZZZZZZZZZZZZZZZZZZZZZZZZZZZZZZZZZZZZZZZZZZZZZZZZZZZZZZZZZZZZZZZZZZZZZZZZZZZDICK CHEESE ZZZZZZZZZZZZZZZZZZZZZZZZZZZZZZZZZZZZZZZZZZZZZZZZZZZZZZZZZZZZZZZZZZZZZZZZZZZZZZZZZZZZDICK CHEESE ZZZZZZZZZZZZZZZZZZZZZZZZZZZZZZZZZZZZZZZZZZZZZZZZZZZZZZZZZZZZZZZZZZZZZZZZZZZZZZZZZZZZDICK CHEESE ZZZZZZZZZZZZZZZZZZZZZZZZZZZZZZZZZZZZZZZZZZZZZZZZZZZZZZZZZZZZZZZZZZZZZZZZZZZZZZZZZZZZDICK CHEESE ZZZZZZZZZZZZZZZZZZZZZZZZZZZZZZZZZZZZZZZZZZZZZZZZZZZZZZZZZZZZZZZZZZZZZZZZZZZZZZZZZZZZDICK CHEESE ZZZZZZZZZZZZZZZZZZZZZZZZZZZZZZZZZZZZZZZZZZZZZZZZZZZZZZZZZZZZZZZZZZZZZZZZZZZZZZZZZZZZDICK CHEESE ZZZZZZZZZZZZZZZZZZZZZZZZZZZZZZZZZZZZZZZZZZZZZZZZZZZZZZZZZZZZZZZZZZZZZZZZZZZZZZZZZZZZDICK CHEESE ZZZZZZZZZZZZZZZZZZZZZZZZZZZZZZZZZZZZZZZZZZZZZZZZZZZZZZZZZZZZZZZZZZZZZZZZZZZZZZZZZZZZDICK CHEESE ZZZZZZZZZZZZZZZZZZZZZZZZZZZZZZZZZZZZZZZZZZZZZZZZZZZZZZZZZZZZZZZZZZZZZZZZZZZZZZZZZZZZDICK CHEESE ZZZZZZZZZZZZZZZZZZZZZZZZZZZZZZZZZZZZZZZZZZZZZZZZZZZZZZZZZZZZZZZZZZZZZZZZZZZZZZZZZZZZDICK CHEESE ZZZZZZZZZZZZZZZZZZZZZZZZZZZZZZZZZZZZZZZZZZZZZZZZZZZZZZZZZZZZZZZZZZZZZZZZZZZZZZZZZZZZDICK CHEESE ZZZZZZZZZZZZZZZZZZZZZZZZZZZZZZZZZZZZZZZZZZZZZZZZZZZZZZZZZZZZZZZZZZZZZZZZZZZZZZZZZZZZDICK CHEESE ZZZZZZZZZZZZZZZZZZZZZZZZZZZZZZZZZZZZZZZZZZZZZZZZZZZZZZZZZZZZZZZZZZZZZZZZZZZZZZZZZZZZDICK CHEESE ZZZZZZZZZZZZZZZZZZZZZZZZZZZZZZZZZZZZZZZZZZZZZZZZZZZZZZZZZZZZZZZZZZZZZZZZZZZZZZZZZZZZDICK CHEESE ZZZZZZZZZZZZZZZZZZZZZZZZZZZZZZZZZZZZZZZZZZZZZZZZZZZZZZZZZZZZZZZZZZZZZZZZZZZZZZZZZZZZDICK CHEESE ZZZZZZZZZZZZZZZZZZZZZZZZZZZZZZZZZZZZZZZZZZZZZZZZZZZZZZZZZZZZZZZZZZZZZZZZZZZZZZZZZZZZDICK CHEESE ZZZZZZZZZZZZZZZZZZZZZZZZZZZZZZZZZZZZZZZZZZZZZZZZZZZZZZZZZZZZZZZZZZZZZZZZZZZZZZZZZZZZDICK CHEESE ZZZZZZZZZZZZZZZZZZZZZZZZZZZZZZZZZZZZZZZZZZZZZZZZZZZZZZZZZZZZZZZZZZZZZZZZZZZZZZZZZZZZDICK CHEESE ZZZZZZZZZZZZZZZZZZZZZZZZZZZZZZZZZZZZZZZZZZZZZZZZZZZZZZZZZZZZZZZZZZZZZZZZZZZZZZZZZZZZDICK CHEESE ZZZZZZZZZZZZZZZZZZZZZZZZZZZZZZZZZZZZZZZZZZZZZZZZZZZZZZZZZZZZZZZZZZZZZZZZZZZZZZZZZZZZDICK CHEESE ZZZZZZZZZZZZZZZZZZZZZZZZZZZZZZZZZZZZZZZZZZZZZZZZZZZZZZZZZZZZZZZZZZZZZZZZZZZZZZZZZZZZDICK CHEESE ZZZZZZZZZZZZZZZZZZZZZZZZZZZZZZZZZZZZZZZZZZZZZZZZZZZZZZZZZZZZZZZZZZZZZZZZZZZZZZZZZZZZDICK CHEESE ZZZZZZZZZZZZZZZZZZZZZZZZZZZZZZZZZZZZZZZZZZZZZZZZZZZZZZZZZZZZZZZZZZZZZZZZZZZZZZZZZZZZDICK CHEESE ZZZZZZZZZZZZZZZZZZZZZZZZZZZZZZZZZZZZZZZZZZZZZZZZZZZZZZZZZZZZZZZZZZZZZZZZZZZZZZZZZZZZDICK CHEESE ZZZZZZZZZZZZZZZZZZZZZZZZZZZZZZZZZZZZZZZZZZZZZZZZZZZZZZZZZZZZZZZZZZZZZZZZZZZZZZZZZZZZDICK CHEESE ZZZZZZZZZZZZZZZZZZZZZZZZZZZZZZZZZZZZZZZZZZZZZZZZZZZZZZZZZZZZZZZZZZZZZZZZZZZZZZZZZZZZDICK CHEESE ZZZZZZZZZZZZZZZZZZZZZZZZZZZZZZZZZZZZZZZZZZZZZZZZZZZZZZZZZZZZZZZZZZZZZZZZZZZZZZZZZZZZDICK CHEESE ZZZZZZZZZZZZZZZZZZZZZZZZZZZZZZZZZZZZZZZZZZZZZZZZZZZZZZZZZZZZZZZZZZZZZZZZZZZZZZZZZZZZDICK CHEESE ZZZZZZZZZZZZZZZZZZZZZZZZZZZZZZZZZZZZZZZZZZZZZZZZZZZZZZZZZZZZZZZZZZZZZZZZZZZZZZZZZZZZDICK CHEESE ZZZZZZZZZZZZZZZZZZZZZZZZZZZZZZZZZZZZZZZZZZZZZZZZZZZZZZZZZZZZZZZZZZZZZZZZZZZZZZZZZZZZDICK CHEESE ZZZZZZZZZZZZZZZZZZZZZZZZZZZZZZZZZZZZZZZZZZZZZZZZZZZZZZZZZZZZZZZZZZZZZZZZZZZZZZZZZZZZDICK CHEESE ZZZZ,[[gumshoe]] CHEESE ZZZZZZZZZZZZZZZZZZZZZZZZZZZZZZZZZZZZZZZZZZZZZZZZZZZZZZZZZZZZZZZZZZZZZZZZZZZZDICK CHEESE ZZZZZZZZZZZZZZZZZZZZZZZZZZZZZZZZZZZZZZZZZZZZZZZZZZZZZZZZZZZZZZZZZZZZZZZZZZZZZZZZZZZZDICK CHEESE ZZZZZZZZZZZZZZZZZZZZZZZZZZZZZZZZZZZZZZZZZZZZZZZZZZZZZZZZZZZZZZZZZZZZZZZZZZZZZZZZZZZZDICK CHEESE ZZZZZZZZZZZZZZZZZZZZZZZZZZZZZZZZZZZZZZZZZZZZZZZZZZZZZZZZZZZZZZZZZZZZZZZZZZZZZZZZZZZZDICK CHEESE ZZZZZZZZZZZZZZZZZZZZZZZZZZZZZZZZZZZZZZZZZZZZZZZZZZZZZZZZZZZZZZZZZZZZZZZZZZZZZZZZZZZZDICK CHEESE ZZZZZZZZZZZZZZZZZZZZZZZZZZZZZZZZZZZZZZZZZZZZZZZZZZZZZZZZZZZZZZZZZZZZZZZZZZZZZZZZZZZZDICK CHEESE ZZZZZZZZZZZZZZZZZZZZZZZZZZZZZZZZZZZZZZZZZZZZZZZZZZZZZZZZZZZZZZZZZZZZZZZZZZZZZZZZZZZZDICK CHEESE ZZZZZZZZZZZZZZZZZZZZZZZZZZZZZZZZZZZZZZZZZZZZZZZZZZZZZZZZZZZZZZZZZZZZZZZZZZZZZZZZZZZZDICK CHEESE ZZZZZZZZZZZZZZZZZZZZZZZZZZZZZZZZZZZZZZZZZZZZZZZZZZZZZZZZZZZZZZZZZZZZZZZZZZZZZZZZZZZZDICK CHEESE ZZZZZZZZZZZZZZZZZZZZZZZZZZZZZZZZZZZZZZZZZZZZZZZZZZZZZZZZZZZZZZZZZZZZZZZZZZZZZZZZZZZZDICK CHEESE ZZZZZZZZZZZZZZZZZZZZZZZZZZZZZZZZZZZZZZZZZZZZZZZZZZZZZZZZZZZZZZZZZZZZZZZZZZZZZZZZZZZZDICK CHEESE ZZZZZZZZZZZZZZZZZZZZZZZZZZZZZZZZZZZZZZZZZZZZZZZZZZZZZZZZZZZZZZZZZZZZZZZZZZZZZZZZZZZZDICK CHEESE ZZZZZZZZZZZZZZZZZZZZZZZZZZZZZZZZZZZZZZZZZZZZZZZZZZZZZZZZZZZZZZZZZZZZZZZZZZZZZZZZZZZZDICK CHEESE ZZZZZZZZZZZZZZZZZZZZZZZZZZZZZZZZZZZZZZZZZZZZZZZZZZZZZZZZZZZZZZZZZZZZZZZZZZZZZZZZZZZZDICK CHEESE ZZZZZZZZZZZZZZZZZZZZZZZZZZZZZZZZZZZZZZZZZZZZZZZZZZZZZZZZZZZZZZZZZZZZZZZZZZZZZZZZZZZZDICK CHEESE ZZZZZZZZZZZZZZZZZZZZZZZZZZZZZZZZZZZZZZZZZZZZZZZZZZZZZZZZZZZZZZZZZZZZZZZZZZZZZZZZZZZZDICK CHEESE ZZZZZZZZZZZZZZZZZZZZZZZZZZZZZZZZZZZZZZZZZZZZZZZZZZZZZZZZZZZZZZZZZZZZZZZZZZZZZZZZZZZZDICK CHEESE ZZZZZZZZZZZZZZZZZZZZZZZZZZZZZZZZZZZZZZZZZZZZZZZZZZZZZZZZZZZZZZZZZZZZZZZZZZZZZZZZZZZZDICK CHEESE ZZZZZZZZZZZZZZZZZZZZZZZZZZZZZZZZZZZZZZZZZZZZZZZZZZZZZZZZZZZZZZZZZZZZZZZZZZZZZZZZZZZZDICK CHEESE ZZZZZZZZZZZZZZZZZZZZZZZZZZZZZZZZZZZZZZZZZZZZZZZZZZZZZZZZZZZZZZZZZZZZZZZZZZZZZZZZZZZZDICK CHEESE ZZZZZZZZZZZZZZZZZZZZZZZZZZZZZZZZZZZZZZZZZZZZZZZZZZZZZZZZZZZZZZZZZZZZZZZZZZZZZZZZZZZZDICK CHEESE ZZZZZZZZZZZZZZZZZZZZZZZZZZZZZZZZZZZZZZZZZZZZZZZZZZZZZZZZZZZZZZZZZZZZZZZZZZZZZZZZZZZZDICK CHEESE ZZZZZZZZZZZZZZZZZZZZZZZZZZZZZZZZZZZZZZZZZZZZZZZZZZZZZZZZZZZZZZZZZZZZZZZZZZZZZZZZZZZZDICK CHEESE ZZZZZZZZZZZZZZZZZZZZZZZZZZZZZZZZZZZZZZZZZZZZZZZZZZZZZZZZZZZZZZZZZZZZZZZZZZZZZZZZZZZZDICK CHEESE ZZZZZZZZZZZZZZZZZZZZZZZZZZZZZZZZZZZZZZZZZZZZZZZZZZZZZZZZZZZZZZZZZZZZZZZZZZZZZZZZZZZZDICK CHEESE ZZZZZZZZZZZZZZZZZZZZZZZZZZZZZZZZZZZZZZZZZZZZZZZZZZZZZZZZZZZZZZZZZZZZZZZZZZZZZZZZZZZZDICK CHEESE ZZZZZZZZZZZZZZZZZZZZZZZZZZZZZZZZZZZZZZZZZZZZZZZZZZZZZZZZZZZZZZZZZZZZZZZZZZZZZZZZZZZZDICK CHEESE ZZZZZZZZZZZZZZZZZZZZZZZZZZZZZZZZZZZZZZZZZZZZZZZZZZZZZZZZZZZZZZZZZZZZZZZZZZZZZZZZZZZZDICK CHEESE ZZZZZZZZZZZZZZZZZZZZZZZZZZZZZZZZZZZZZZZZZZZZZZZZZZZZZZZZZZZZZZZZZZZZZZZZZZZZZZZZZZZZDICK CHEESE ZZZZZZZZZZZZZZZZZZZZZZZZZZZZZZZZZZZZZZZZZZZZZZZZZZZZZZZZZZZZZZZZZZZZZZZZZZZZZZZZZZZZDICK CHEESE ZZZZZZZZZZZZZZZZZZZZZZZZZZZZZZZZZZZZZZZZZZZZZZZZZZZZZZZZZZZZZZZZZZZZZZZZZZZZZZZZZZZZDICK CHEESE ZZZZZZZZZZZZZZZZZZZZZZZZZZZZZZZZZZZZZZZZZZZZZZZZZZZZZZZZZZZZZZZZZZZZZZZZZZZZZZZZZZZZDICK CHEESE ZZZZZZZZZZZZZZZZZZZZZZZZZZZZZZZZZZZZZZZZZZZZZZZZZZZZZZZZZZZZZZZZZZZZZZZZZZZZZZZZZZZZDICK CHEESE ZZZZZZZZZZZZZZZZZZZZZZZZZZZZZZZZZZZZZZZZZZZZZZZZZZZZZZZZZZZZZZZZZZZZZZZZZZZZZZZZZZZZDICK CHEESE ZZZZZZZZZZZZZZZZZZZZZZZZZZZZZZZZZZZZZZZZZZZZZZZZZZZZZZZZZZZZZZZZZZZZZZZZZZZZZZZZZZZZDICK CHEESE ZZZZZZZZZZZZZZZZZZZZZZZZZZZZZZZZZZZZZZZZZZZZZZZZZZZZZZZZZZZZZZZZZZZZZZZZZZZZZZZZZZZZDICK CHEESE ZZZZZZZZZZZZZZZZZZZZZZZZZZZZZZZZZZZZZZZZZZZZZZZZZZZZZZZZZZZZZZZZZZZZZZZZZZZZZZZZZZZZDICK CHEESE ZZZZZZZZZZZZZZZZZZZZZZZZZZZZZZZZZZZZZZZZZZZZZZZZZZZZZZZZZZZZZZZZZZZZZZZZZZZZZZZZZZZZDICK CHEESE ZZZZZZZZZZZZZZZZZZZZZZZZZZZZZZZZZZZZZZZZZZZZZZZZZZZZZZZZZZZZZZZZZZZZZZZZZZZZZZZZZZZZDICK CHEESE ZZZZZZZZZZZZZZZZZZZZZZZZZZZZZZZZZZZZZZZZZZZZZZZZZZZZZZZZZZZZZZZZZZZZZZZZZZZZZZZZZZZZDICK CHEESE ZZZZZZZZZZZZZZZZZZZZZZZZZZZZZZZZZZZZZZZZZZZZZZZZZZZZZZZZZZZZZZZZZZZZZZZZZZZZZZZZZZZZDICK CHEESE ZZZZZZZZZZZZZZZZZZZZZZZZZZZZZZZZZZZZZZZZZZZZZZZZZZZZZZZZZZZZZZZZZZZZZZZZZZZZZZZZZZZZDICK CHEESE ZZZZZZZZZZZZZZZZZZZZZZZZZZZZZZZZZZZZZZZZZZZZZZZZZZZZZZZZZZZZZZZZZZZZZZZZZZZZZZZZZZZZDICK CHEESE ZZZZZZZZZZZZZZZZZZZZZZZZZZZZZZZZZZZZZZZZZZZZZZZZZZZZZZZZZZZZZZZZZZZZZZZZZZZZZZZZZZZZDICK CHEESE ZZZZZZZZZZZZZZZZZZZZZZZZZZZZZZZZZZZZZZZZZZZZZZZZZZZZZZZZZZZZZZZZZZZZZZZZZZZZZZZZZZZZDICK CHEESE ZZZZZZZZZZZZZZZZZZZZZZZZZZZZZZZZZZZZZZZZZZZZZZZZZZZZZZZZZZZZZZZZZZZZZZZZZZZZZZZZZZZZDICK CHEESE ZZZZZZZZZZZZZZZZZZZZZZZZZZZZZZZZZZZZZZZZZZZZZZZZZZZZZZZZZZZZZZZZZZZZZZZZZZZZZZZZZZZZDICK CHEESE ZZZZZZZZZZZZZZZZZZZZZZZZZZZZZZZZZZZZZZZZZZZZZZZZZZZZZZZZZZZZZZZZZZZZZZZZZZZZZZZZZZZZDICK CHEESE ZZZZZZZZZZZZZZZZZZZZZZZZZZZZZZZZZZZZZZZZZZZZZZZZZZZZZZZZZZZZZZZZZZZZZZZZZZZZZZZZZZZZDICK CHEESE ZZZZZZZZZZZZZZZZZZZZZZZZZZZZZZZZZZZZZZZZZZZZZZZZZZZZZZZZZZZZZZZZZZZZZZZZZZZZZZZZZZZZDICK CHEESE ZZZZZZZZZZZZZZZZZZZZZZZZZZZZZZZZZZZZZZZZZZZZZZZZZZZZZZZZZZZZZZZZZZZZZZZZZZZZZZZZZZZZDICK CHEESE ZZZZZZZZZZZZZZZZZZZZZZZZZZZZZZZZZZZZZZZZZZZZZZZZZZZZZZZZZZZZZZZZZZZZZZZZZZZZZZZZZZZZDICK CHEESE ZZZZ,0.0319122672080993,0.9422688484191896,1,0,1,234,Successful
38,NMan  <SPLIT><SPLIT> Hi Slim could you please help me as I want to move 3 pages thatve just been moved by a vandal it seems [[Fuck]] Scooterboy from Scooterby Fuck Linda Dano from Linda Dano and Fuck Collect call from Collect Call I tried but it wont let me and I think it should be done ASAP Thanks,NMan  <SPLIT><SPLIT> Hi Slim could you please help me as I want to move 3 pages thatve just been moved by a vandal it seems [[fucking]] Scooterboy from Scooterby Fuck Linda Dano from Linda Dano and Fuck Collect call from Collect Call I tried but it wont let me and I think it should be done ASAP Thanks,0.0577311515808105,0.9680877327919006,0,1,0,377,Successful
39,Why Youre All Idiots <SPLIT> This is the current version of my AntiSOPA Idiocy rantfeel free to reposteditplagiarize at your discretion elsewhere the important thing is just getting it circulated  It should be kept overly invectiveinflaming though for the sole purpose of trying to force people to censor it basically making them become the very thing they claim to despiseI think thats a good experience a lot of people need to have <SPLIT><SPLIT> Pay attention kiddies this little event that youre basically shitting your pants overoh hey guess what IT ALREADY HAPPENED No srsly it ALREADY HAPPENED Woah TWICE in fact that I can recall off the top of my head just in the past 15 years <SPLIT><SPLIT> I mean hurr de durr where were your stupid [[asses]] in NINETEEN NINETY SIX when Congress passed the CDA the Communications Decency Act which by the way was like 38 shades WORSE than this current bill youre all spastic and frothing over <SPLIT><SPLIT> And make no mistake Congress WILL pass it into law theyre getting a FIFTY SEVEN MILLION dollar bribe to do it essentially And theyve no problems at all with that knowing that their big brother the Supreme Court will simply step in right afterwards and fix their epic fucking messthey get to keep all that bribe money of course and the MPAARIAA will be out FIFTY MILLION dollarswinwin all around <SPLIT><SPLIT> They do this all the time its practically their job description theres actually been a whole slew of these idiot laws in the past 25 years every single one deemed unconstitutional by the Supreme Court within a year of their passing through Congress usually due to lawsuits from the ACLU andor the EFF <SPLIT><SPLIT> The last two major ones were the CDA Communications Decency Act and the COPA Childrens Online Protection Act This new bill is basically the exact same thing just reworded slightly Same old shit different acronym <SPLIT><SPLIT> Honestly I cant believe Im the ONLY one to point this out I mean hello 1996 Blue Ribbon Campaign Surely I couldnt have been the only person online back in 1996 Thafawkthey sure are breeding you kids stupid these days <SPLIT><SPLIT> Mmmm should probably mention in the event that a really fucked up law does come to pass it usually takes the Supreme Court about a year or so to completely boot fuck itBUT when theyre sued they usually file injunctions and shit that prevent them from actually putting the law into effect at allso even though the law could effectively be completely passedyeah that doesnt mean they can actually act on it <SPLIT><SPLIT> It is pretty hilarious though first it was decency then it was wont someone think of the children and now weve got scary pirates in the latest incarnation but its all the SAME fawking bill just slightly reworded and with new acronyms CDA COPA and now SOPA I mean what do they think the Supreme Court isnt gonna notice its the EXACT SAME BILL THEY ALREADY BOOT STOMPED rolls eyes It really is just for the money when you get right down to it,Why Youre All Idiots <SPLIT> This is the current version of my AntiSOPA Idiocy rantfeel free to reposteditplagiarize at your discretion elsewhere the important thing is just getting it circulated  It should be kept overly invectiveinflaming though for the sole purpose of trying to force people to censor it basically making them become the very thing they claim to despiseI think thats a good experience a lot of people need to have <SPLIT><SPLIT> Pay attention kiddies this little event that youre basically shitting your pants overoh hey guess what IT ALREADY HAPPENED No srsly it ALREADY HAPPENED Woah TWICE in fact that I can recall off the top of my head just in the past 15 years <SPLIT><SPLIT> I mean hurr de durr where were your stupid [[fucking]] in NINETEEN NINETY SIX when Congress passed the CDA the Communications Decency Act which by the way was like 38 shades WORSE than this current bill youre all spastic and frothing over <SPLIT><SPLIT> And make no mistake Congress WILL pass it into law theyre getting a FIFTY SEVEN MILLION dollar bribe to do it essentially And theyve no problems at all with that knowing that their big brother the Supreme Court will simply step in right afterwards and fix their epic fucking messthey get to keep all that bribe money of course and the MPAARIAA will be out FIFTY MILLION dollarswinwin all around <SPLIT><SPLIT> They do this all the time its practically their job description theres actually been a whole slew of these idiot laws in the past 25 years every single one deemed unconstitutional by the Supreme Court within a year of their passing through Congress usually due to lawsuits from the ACLU andor the EFF <SPLIT><SPLIT> The last two major ones were the CDA Communications Decency Act and the COPA Childrens Online Protection Act This new bill is basically the exact same thing just reworded slightly Same old shit different acronym <SPLIT><SPLIT> Honestly I cant believe Im the ONLY one to point this out I mean hello 1996 Blue Ribbon Campaign Surely I couldnt have been the only person online back in 1996 Thafawkthey sure are breeding you kids stupid these days <SPLIT><SPLIT> Mmmm should probably mention in the event that a really fucked up law does come to pass it usually takes the Supreme Court about a year or so to completely boot fuck itBUT when theyre sued they usually file injunctions and shit that prevent them from actually putting the law into effect at allso even though the law could effectively be completely passedyeah that doesnt mean they can actually act on it <SPLIT><SPLIT> It is pretty hilarious though first it was decency then it was wont someone think of the children and now weve got scary pirates in the latest incarnation but its all the SAME fawking bill just slightly reworded and with new acronyms CDA COPA and now SOPA I mean what do they think the Supreme Court isnt gonna notice its the EXACT SAME BILL THEY ALREADY BOOT STOMPED rolls eyes It really is just for the money when you get right down to it,0.0577312111854553,0.9680877327919006,0,1,0,3255,Successful
40,grunge bands  <SPLIT><SPLIT> add Willard The Sound of [[Fuck]] <SPLIT><SPLIT> now theres some Grunge for ya,grunge bands  <SPLIT><SPLIT> add Willard The Sound of [[fucking]] <SPLIT><SPLIT> now theres some Grunge for ya,0.0577312111854553,0.968087673187256,0,1,0,105,Successful
41,You dont seem quite like yourself Moved from   <SPLIT><SPLIT> Is the person using this account the same person that it is registered to       <SPLIT><SPLIT> Since I know you have good faith it is my fault to not understand how could you explain what the [[fuck]] you mean by that    <SPLIT><SPLIT> You seem much more bluetongued and ropeable than usual These things usually indicate a compromised account I posted the message out of concern that you may find yourself blocked for something you did not do,You dont seem quite like yourself Moved from   <SPLIT><SPLIT> Is the person using this account the same person that it is registered to       <SPLIT><SPLIT> Since I know you have good faith it is my fault to not understand how could you explain what the [[fucking]] you mean by that    <SPLIT><SPLIT> You seem much more bluetongued and ropeable than usual These things usually indicate a compromised account I posted the message out of concern that you may find yourself blocked for something you did not do,0.0577311515808105,0.968087673187256,0,1,0,368,Successful
42,A barnstar for you  <SPLIT><SPLIT>  stylebackgroundcolor fdffe7 border 1px solid fceb92 <SPLIT> rowspan2 styleverticalalign middle padding 5px   <SPLIT> stylefontsize xlarge padding 3px 3px 0 3px height 15em  The Original Barnstar <SPLIT>  <SPLIT> styleverticalalign middle padding 3px  [[Fuck]] you,A barnstar for you  <SPLIT><SPLIT>  stylebackgroundcolor fdffe7 border 1px solid fceb92 <SPLIT> rowspan2 styleverticalalign middle padding 5px   <SPLIT> stylefontsize xlarge padding 3px 3px 0 3px height 15em  The Original Barnstar <SPLIT>  <SPLIT> styleverticalalign middle padding 3px  [[fucking]] you,0.0577312111854553,0.9680877327919006,0,1,0,186,Successful
43,Not sure why my ip is blocked I dont usually edit the site and only became apparent because while researching California gangs I came across the phrase [[fuck]] them on the Norteos page located here httpenwikipediaorgwikiNortenos,Not sure why my ip is blocked I dont usually edit the site and only became apparent because while researching California gangs I came across the phrase [[fucking]] them on the Norteos page located here httpenwikipediaorgwikiNortenos,0.0577312111854553,0.9680877327919006,0,1,0,177,Successful
